date,nav,scheme_code,scheme_name
24-07-2026,9.53680,153665,SBI Nifty200 Momentum 30 Index Fund- Direct Plan- Income Cum Distribution Capital Withdrawal Option (IDCW)
23-07-2026,9.59140,153665,SBI Nifty200 Momentum 30 Index Fund- Direct Plan- Income Cum Distribution Capital Withdrawal Option (IDCW)
22-07-2026,9.69770,153665,SBI Nifty200 Momentum 30 Index Fund- Direct Plan- Income Cum Distribution Capital Withdrawal Option (IDCW)
21-07-2026,9.74570,153665,SBI Nifty200 Momentum 30 Index Fund- Direct Plan- Income Cum Distribution Capital Withdrawal Option (IDCW)
20-07-2026,9.68540,153665,SBI Nifty200 Momentum 30 Index Fund- Direct Plan- Income Cum Distribution Capital Withdrawal Option (IDCW)
17-07-2026,9.58270,153665,SBI Nifty200 Momentum 30 Index Fund- Direct Plan- Income Cum Distribution Capital Withdrawal Option (IDCW)
16-07-2026,9.69240,153665,SBI Nifty200 Momentum 30 Index Fund- Direct Plan- Income Cum Distribution Capital Withdrawal Option (IDCW)
15-07-2026,9.72150,153665,SBI Nifty200 Momentum 30 Index Fund- Direct Plan- Income Cum Distribution Capital Withdrawal Option (IDCW)
14-07-2026,9.72850,153665,SBI Nifty200 Momentum 30 Index Fund- Direct Plan- Income Cum Distribution Capital Withdrawal Option (IDCW)
13-07-2026,9.69410,153665,SBI Nifty200 Momentum 30 Index Fund- Direct Plan- Income Cum Distribution Capital Withdrawal Option (IDCW)
10-07-2026,9.70590,153665,SBI Nifty200 Momentum 30 Index Fund- Direct Plan- Income Cum Distribution Capital Withdrawal Option (IDCW)
09-07-2026,9.60210,153665,SBI Nifty200 Momentum 30 Index Fund- Direct Plan- Income Cum Distribution Capital Withdrawal Option (IDCW)
08-07-2026,9.54200,153665,SBI Nifty200 Momentum 30 Index Fund- Direct Plan- Income Cum Distribution Capital Withdrawal Option (IDCW)
07-07-2026,9.60070,153665,SBI Nifty200 Momentum 30 Index Fund- Direct Plan- Income Cum Distribution Capital Withdrawal Option (IDCW)
06-07-2026,9.74140,153665,SBI Nifty200 Momentum 30 Index Fund- Direct Plan- Income Cum Distribution Capital Withdrawal Option (IDCW)
03-07-2026,9.67250,153665,SBI Nifty200 Momentum 30 Index Fund- Direct Plan- Income Cum Distribution Capital Withdrawal Option (IDCW)
02-07-2026,9.77700,153665,SBI Nifty200 Momentum 30 Index Fund- Direct Plan- Income Cum Distribution Capital Withdrawal Option (IDCW)
01-07-2026,9.79110,153665,SBI Nifty200 Momentum 30 Index Fund- Direct Plan- Income Cum Distribution Capital Withdrawal Option (IDCW)
30-06-2026,9.79740,153665,SBI Nifty200 Momentum 30 Index Fund- Direct Plan- Income Cum Distribution Capital Withdrawal Option (IDCW)
29-06-2026,9.80580,153665,SBI Nifty200 Momentum 30 Index Fund- Direct Plan- Income Cum Distribution Capital Withdrawal Option (IDCW)
25-06-2026,9.90450,153665,SBI Nifty200 Momentum 30 Index Fund- Direct Plan- Income Cum Distribution Capital Withdrawal Option (IDCW)
24-06-2026,9.89930,153665,SBI Nifty200 Momentum 30 Index Fund- Direct Plan- Income Cum Distribution Capital Withdrawal Option (IDCW)
23-06-2026,9.84520,153665,SBI Nifty200 Momentum 30 Index Fund- Direct Plan- Income Cum Distribution Capital Withdrawal Option (IDCW)
22-06-2026,9.95240,153665,SBI Nifty200 Momentum 30 Index Fund- Direct Plan- Income Cum Distribution Capital Withdrawal Option (IDCW)
19-06-2026,9.92320,153665,SBI Nifty200 Momentum 30 Index Fund- Direct Plan- Income Cum Distribution Capital Withdrawal Option (IDCW)
18-06-2026,9.92700,153665,SBI Nifty200 Momentum 30 Index Fund- Direct Plan- Income Cum Distribution Capital Withdrawal Option (IDCW)
17-06-2026,9.88850,153665,SBI Nifty200 Momentum 30 Index Fund- Direct Plan- Income Cum Distribution Capital Withdrawal Option (IDCW)
16-06-2026,9.85660,153665,SBI Nifty200 Momentum 30 Index Fund- Direct Plan- Income Cum Distribution Capital Withdrawal Option (IDCW)
15-06-2026,9.86570,153665,SBI Nifty200 Momentum 30 Index Fund- Direct Plan- Income Cum Distribution Capital Withdrawal Option (IDCW)
12-06-2026,9.65530,153665,SBI Nifty200 Momentum 30 Index Fund- Direct Plan- Income Cum Distribution Capital Withdrawal Option (IDCW)
11-06-2026,9.35930,153665,SBI Nifty200 Momentum 30 Index Fund- Direct Plan- Income Cum Distribution Capital Withdrawal Option (IDCW)
10-06-2026,9.44390,153665,SBI Nifty200 Momentum 30 Index Fund- Direct Plan- Income Cum Distribution Capital Withdrawal Option (IDCW)
09-06-2026,9.56050,153665,SBI Nifty200 Momentum 30 Index Fund- Direct Plan- Income Cum Distribution Capital Withdrawal Option (IDCW)
08-06-2026,9.39330,153665,SBI Nifty200 Momentum 30 Index Fund- Direct Plan- Income Cum Distribution Capital Withdrawal Option (IDCW)
05-06-2026,9.53210,153665,SBI Nifty200 Momentum 30 Index Fund- Direct Plan- Income Cum Distribution Capital Withdrawal Option (IDCW)
04-06-2026,9.54180,153665,SBI Nifty200 Momentum 30 Index Fund- Direct Plan- Income Cum Distribution Capital Withdrawal Option (IDCW)
03-06-2026,9.52600,153665,SBI Nifty200 Momentum 30 Index Fund- Direct Plan- Income Cum Distribution Capital Withdrawal Option (IDCW)
02-06-2026,9.52550,153665,SBI Nifty200 Momentum 30 Index Fund- Direct Plan- Income Cum Distribution Capital Withdrawal Option (IDCW)
01-06-2026,9.52370,153665,SBI Nifty200 Momentum 30 Index Fund- Direct Plan- Income Cum Distribution Capital Withdrawal Option (IDCW)
31-05-2026,9.67150,153665,SBI Nifty200 Momentum 30 Index Fund- Direct Plan- Income Cum Distribution Capital Withdrawal Option (IDCW)
29-05-2026,9.67170,153665,SBI Nifty200 Momentum 30 Index Fund- Direct Plan- Income Cum Distribution Capital Withdrawal Option (IDCW)
27-05-2026,9.83150,153665,SBI Nifty200 Momentum 30 Index Fund- Direct Plan- Income Cum Distribution Capital Withdrawal Option (IDCW)
26-05-2026,9.77130,153665,SBI Nifty200 Momentum 30 Index Fund- Direct Plan- Income Cum Distribution Capital Withdrawal Option (IDCW)
25-05-2026,9.78000,153665,SBI Nifty200 Momentum 30 Index Fund- Direct Plan- Income Cum Distribution Capital Withdrawal Option (IDCW)
22-05-2026,9.61740,153665,SBI Nifty200 Momentum 30 Index Fund- Direct Plan- Income Cum Distribution Capital Withdrawal Option (IDCW)
21-05-2026,9.55810,153665,SBI Nifty200 Momentum 30 Index Fund- Direct Plan- Income Cum Distribution Capital Withdrawal Option (IDCW)
20-05-2026,9.57370,153665,SBI Nifty200 Momentum 30 Index Fund- Direct Plan- Income Cum Distribution Capital Withdrawal Option (IDCW)
19-05-2026,9.51860,153665,SBI Nifty200 Momentum 30 Index Fund- Direct Plan- Income Cum Distribution Capital Withdrawal Option (IDCW)
18-05-2026,9.51160,153665,SBI Nifty200 Momentum 30 Index Fund- Direct Plan- Income Cum Distribution Capital Withdrawal Option (IDCW)
15-05-2026,9.58080,153665,SBI Nifty200 Momentum 30 Index Fund- Direct Plan- Income Cum Distribution Capital Withdrawal Option (IDCW)
14-05-2026,9.63770,153665,SBI Nifty200 Momentum 30 Index Fund- Direct Plan- Income Cum Distribution Capital Withdrawal Option (IDCW)
13-05-2026,9.50120,153665,SBI Nifty200 Momentum 30 Index Fund- Direct Plan- Income Cum Distribution Capital Withdrawal Option (IDCW)
12-05-2026,9.47330,153665,SBI Nifty200 Momentum 30 Index Fund- Direct Plan- Income Cum Distribution Capital Withdrawal Option (IDCW)
11-05-2026,9.68260,153665,SBI Nifty200 Momentum 30 Index Fund- Direct Plan- Income Cum Distribution Capital Withdrawal Option (IDCW)
08-05-2026,9.88250,153665,SBI Nifty200 Momentum 30 Index Fund- Direct Plan- Income Cum Distribution Capital Withdrawal Option (IDCW)
07-05-2026,9.94600,153665,SBI Nifty200 Momentum 30 Index Fund- Direct Plan- Income Cum Distribution Capital Withdrawal Option (IDCW)
06-05-2026,9.86330,153665,SBI Nifty200 Momentum 30 Index Fund- Direct Plan- Income Cum Distribution Capital Withdrawal Option (IDCW)
05-05-2026,9.64840,153665,SBI Nifty200 Momentum 30 Index Fund- Direct Plan- Income Cum Distribution Capital Withdrawal Option (IDCW)
04-05-2026,9.63900,153665,SBI Nifty200 Momentum 30 Index Fund- Direct Plan- Income Cum Distribution Capital Withdrawal Option (IDCW)
30-04-2026,9.56840,153665,SBI Nifty200 Momentum 30 Index Fund- Direct Plan- Income Cum Distribution Capital Withdrawal Option (IDCW)
29-04-2026,9.64870,153665,SBI Nifty200 Momentum 30 Index Fund- Direct Plan- Income Cum Distribution Capital Withdrawal Option (IDCW)
28-04-2026,9.63910,153665,SBI Nifty200 Momentum 30 Index Fund- Direct Plan- Income Cum Distribution Capital Withdrawal Option (IDCW)
27-04-2026,9.68740,153665,SBI Nifty200 Momentum 30 Index Fund- Direct Plan- Income Cum Distribution Capital Withdrawal Option (IDCW)
24-04-2026,9.63890,153665,SBI Nifty200 Momentum 30 Index Fund- Direct Plan- Income Cum Distribution Capital Withdrawal Option (IDCW)
23-04-2026,9.68580,153665,SBI Nifty200 Momentum 30 Index Fund- Direct Plan- Income Cum Distribution Capital Withdrawal Option (IDCW)
22-04-2026,9.81300,153665,SBI Nifty200 Momentum 30 Index Fund- Direct Plan- Income Cum Distribution Capital Withdrawal Option (IDCW)
21-04-2026,9.83490,153665,SBI Nifty200 Momentum 30 Index Fund- Direct Plan- Income Cum Distribution Capital Withdrawal Option (IDCW)
20-04-2026,9.79570,153665,SBI Nifty200 Momentum 30 Index Fund- Direct Plan- Income Cum Distribution Capital Withdrawal Option (IDCW)
17-04-2026,9.77050,153665,SBI Nifty200 Momentum 30 Index Fund- Direct Plan- Income Cum Distribution Capital Withdrawal Option (IDCW)
16-04-2026,9.68700,153665,SBI Nifty200 Momentum 30 Index Fund- Direct Plan- Income Cum Distribution Capital Withdrawal Option (IDCW)
15-04-2026,9.68810,153665,SBI Nifty200 Momentum 30 Index Fund- Direct Plan- Income Cum Distribution Capital Withdrawal Option (IDCW)
13-04-2026,9.52060,153665,SBI Nifty200 Momentum 30 Index Fund- Direct Plan- Income Cum Distribution Capital Withdrawal Option (IDCW)
10-04-2026,9.68190,153665,SBI Nifty200 Momentum 30 Index Fund- Direct Plan- Income Cum Distribution Capital Withdrawal Option (IDCW)
09-04-2026,9.46810,153665,SBI Nifty200 Momentum 30 Index Fund- Direct Plan- Income Cum Distribution Capital Withdrawal Option (IDCW)
08-04-2026,9.49270,153665,SBI Nifty200 Momentum 30 Index Fund- Direct Plan- Income Cum Distribution Capital Withdrawal Option (IDCW)
07-04-2026,8.97860,153665,SBI Nifty200 Momentum 30 Index Fund- Direct Plan- Income Cum Distribution Capital Withdrawal Option (IDCW)
06-04-2026,8.95830,153665,SBI Nifty200 Momentum 30 Index Fund- Direct Plan- Income Cum Distribution Capital Withdrawal Option (IDCW)
02-04-2026,8.76520,153665,SBI Nifty200 Momentum 30 Index Fund- Direct Plan- Income Cum Distribution Capital Withdrawal Option (IDCW)
01-04-2026,8.81220,153665,SBI Nifty200 Momentum 30 Index Fund- Direct Plan- Income Cum Distribution Capital Withdrawal Option (IDCW)
31-03-2026,8.59130,153665,SBI Nifty200 Momentum 30 Index Fund- Direct Plan- Income Cum Distribution Capital Withdrawal Option (IDCW)
30-03-2026,8.59140,153665,SBI Nifty200 Momentum 30 Index Fund- Direct Plan- Income Cum Distribution Capital Withdrawal Option (IDCW)
27-03-2026,8.86720,153665,SBI Nifty200 Momentum 30 Index Fund- Direct Plan- Income Cum Distribution Capital Withdrawal Option (IDCW)
25-03-2026,9.12200,153665,SBI Nifty200 Momentum 30 Index Fund- Direct Plan- Income Cum Distribution Capital Withdrawal Option (IDCW)
24-03-2026,8.88640,153665,SBI Nifty200 Momentum 30 Index Fund- Direct Plan- Income Cum Distribution Capital Withdrawal Option (IDCW)
23-03-2026,8.67180,153665,SBI Nifty200 Momentum 30 Index Fund- Direct Plan- Income Cum Distribution Capital Withdrawal Option (IDCW)
20-03-2026,9.01600,153665,SBI Nifty200 Momentum 30 Index Fund- Direct Plan- Income Cum Distribution Capital Withdrawal Option (IDCW)
19-03-2026,8.98430,153665,SBI Nifty200 Momentum 30 Index Fund- Direct Plan- Income Cum Distribution Capital Withdrawal Option (IDCW)
18-03-2026,9.33030,153665,SBI Nifty200 Momentum 30 Index Fund- Direct Plan- Income Cum Distribution Capital Withdrawal Option (IDCW)
17-03-2026,9.19250,153665,SBI Nifty200 Momentum 30 Index Fund- Direct Plan- Income Cum Distribution Capital Withdrawal Option (IDCW)
16-03-2026,9.08000,153665,SBI Nifty200 Momentum 30 Index Fund- Direct Plan- Income Cum Distribution Capital Withdrawal Option (IDCW)
13-03-2026,9.01150,153665,SBI Nifty200 Momentum 30 Index Fund- Direct Plan- Income Cum Distribution Capital Withdrawal Option (IDCW)
12-03-2026,9.25450,153665,SBI Nifty200 Momentum 30 Index Fund- Direct Plan- Income Cum Distribution Capital Withdrawal Option (IDCW)
11-03-2026,9.36510,153665,SBI Nifty200 Momentum 30 Index Fund- Direct Plan- Income Cum Distribution Capital Withdrawal Option (IDCW)
10-03-2026,9.58000,153665,SBI Nifty200 Momentum 30 Index Fund- Direct Plan- Income Cum Distribution Capital Withdrawal Option (IDCW)
09-03-2026,9.35420,153665,SBI Nifty200 Momentum 30 Index Fund- Direct Plan- Income Cum Distribution Capital Withdrawal Option (IDCW)
06-03-2026,9.57550,153665,SBI Nifty200 Momentum 30 Index Fund- Direct Plan- Income Cum Distribution Capital Withdrawal Option (IDCW)
05-03-2026,9.71740,153665,SBI Nifty200 Momentum 30 Index Fund- Direct Plan- Income Cum Distribution Capital Withdrawal Option (IDCW)
04-03-2026,9.55580,153665,SBI Nifty200 Momentum 30 Index Fund- Direct Plan- Income Cum Distribution Capital Withdrawal Option (IDCW)
02-03-2026,9.78800,153665,SBI Nifty200 Momentum 30 Index Fund- Direct Plan- Income Cum Distribution Capital Withdrawal Option (IDCW)
28-02-2026,9.95170,153665,SBI Nifty200 Momentum 30 Index Fund- Direct Plan- Income Cum Distribution Capital Withdrawal Option (IDCW)
27-02-2026,9.95180,153665,SBI Nifty200 Momentum 30 Index Fund- Direct Plan- Income Cum Distribution Capital Withdrawal Option (IDCW)
26-02-2026,10.12990,153665,SBI Nifty200 Momentum 30 Index Fund- Direct Plan- Income Cum Distribution Capital Withdrawal Option (IDCW)
25-02-2026,10.08430,153665,SBI Nifty200 Momentum 30 Index Fund- Direct Plan- Income Cum Distribution Capital Withdrawal Option (IDCW)
24-02-2026,10.01140,153665,SBI Nifty200 Momentum 30 Index Fund- Direct Plan- Income Cum Distribution Capital Withdrawal Option (IDCW)
23-02-2026,10.04250,153665,SBI Nifty200 Momentum 30 Index Fund- Direct Plan- Income Cum Distribution Capital Withdrawal Option (IDCW)
20-02-2026,10.02470,153665,SBI Nifty200 Momentum 30 Index Fund- Direct Plan- Income Cum Distribution Capital Withdrawal Option (IDCW)
19-02-2026,9.93050,153665,SBI Nifty200 Momentum 30 Index Fund- Direct Plan- Income Cum Distribution Capital Withdrawal Option (IDCW)
18-02-2026,10.07780,153665,SBI Nifty200 Momentum 30 Index Fund- Direct Plan- Income Cum Distribution Capital Withdrawal Option (IDCW)
17-02-2026,10.01870,153665,SBI Nifty200 Momentum 30 Index Fund- Direct Plan- Income Cum Distribution Capital Withdrawal Option (IDCW)
16-02-2026,9.98280,153665,SBI Nifty200 Momentum 30 Index Fund- Direct Plan- Income Cum Distribution Capital Withdrawal Option (IDCW)
13-02-2026,9.96490,153665,SBI Nifty200 Momentum 30 Index Fund- Direct Plan- Income Cum Distribution Capital Withdrawal Option (IDCW)
12-02-2026,10.12180,153665,SBI Nifty200 Momentum 30 Index Fund- Direct Plan- Income Cum Distribution Capital Withdrawal Option (IDCW)
11-02-2026,10.04680,153665,SBI Nifty200 Momentum 30 Index Fund- Direct Plan- Income Cum Distribution Capital Withdrawal Option (IDCW)
10-02-2026,9.96950,153665,SBI Nifty200 Momentum 30 Index Fund- Direct Plan- Income Cum Distribution Capital Withdrawal Option (IDCW)
09-02-2026,9.96200,153665,SBI Nifty200 Momentum 30 Index Fund- Direct Plan- Income Cum Distribution Capital Withdrawal Option (IDCW)
06-02-2026,9.79150,153665,SBI Nifty200 Momentum 30 Index Fund- Direct Plan- Income Cum Distribution Capital Withdrawal Option (IDCW)
05-02-2026,9.75760,153665,SBI Nifty200 Momentum 30 Index Fund- Direct Plan- Income Cum Distribution Capital Withdrawal Option (IDCW)
04-02-2026,9.80720,153665,SBI Nifty200 Momentum 30 Index Fund- Direct Plan- Income Cum Distribution Capital Withdrawal Option (IDCW)
03-02-2026,9.71390,153665,SBI Nifty200 Momentum 30 Index Fund- Direct Plan- Income Cum Distribution Capital Withdrawal Option (IDCW)
02-02-2026,9.43270,153665,SBI Nifty200 Momentum 30 Index Fund- Direct Plan- Income Cum Distribution Capital Withdrawal Option (IDCW)
31-01-2026,9.61830,153665,SBI Nifty200 Momentum 30 Index Fund- Direct Plan- Income Cum Distribution Capital Withdrawal Option (IDCW)
30-01-2026,9.61840,153665,SBI Nifty200 Momentum 30 Index Fund- Direct Plan- Income Cum Distribution Capital Withdrawal Option (IDCW)
29-01-2026,9.68450,153665,SBI Nifty200 Momentum 30 Index Fund- Direct Plan- Income Cum Distribution Capital Withdrawal Option (IDCW)
28-01-2026,9.70730,153665,SBI Nifty200 Momentum 30 Index Fund- Direct Plan- Income Cum Distribution Capital Withdrawal Option (IDCW)
27-01-2026,9.62060,153665,SBI Nifty200 Momentum 30 Index Fund- Direct Plan- Income Cum Distribution Capital Withdrawal Option (IDCW)
23-01-2026,9.57580,153665,SBI Nifty200 Momentum 30 Index Fund- Direct Plan- Income Cum Distribution Capital Withdrawal Option (IDCW)
22-01-2026,9.71980,153665,SBI Nifty200 Momentum 30 Index Fund- Direct Plan- Income Cum Distribution Capital Withdrawal Option (IDCW)
21-01-2026,9.62700,153665,SBI Nifty200 Momentum 30 Index Fund- Direct Plan- Income Cum Distribution Capital Withdrawal Option (IDCW)
20-01-2026,9.68470,153665,SBI Nifty200 Momentum 30 Index Fund- Direct Plan- Income Cum Distribution Capital Withdrawal Option (IDCW)
19-01-2026,9.90640,153665,SBI Nifty200 Momentum 30 Index Fund- Direct Plan- Income Cum Distribution Capital Withdrawal Option (IDCW)
16-01-2026,9.85480,153665,SBI Nifty200 Momentum 30 Index Fund- Direct Plan- Income Cum Distribution Capital Withdrawal Option (IDCW)
14-01-2026,9.82520,153665,SBI Nifty200 Momentum 30 Index Fund- Direct Plan- Income Cum Distribution Capital Withdrawal Option (IDCW)
13-01-2026,9.82170,153665,SBI Nifty200 Momentum 30 Index Fund- Direct Plan- Income Cum Distribution Capital Withdrawal Option (IDCW)
12-01-2026,9.84250,153665,SBI Nifty200 Momentum 30 Index Fund- Direct Plan- Income Cum Distribution Capital Withdrawal Option (IDCW)
09-01-2026,9.81210,153665,SBI Nifty200 Momentum 30 Index Fund- Direct Plan- Income Cum Distribution Capital Withdrawal Option (IDCW)
08-01-2026,9.89230,153665,SBI Nifty200 Momentum 30 Index Fund- Direct Plan- Income Cum Distribution Capital Withdrawal Option (IDCW)
07-01-2026,10.02440,153665,SBI Nifty200 Momentum 30 Index Fund- Direct Plan- Income Cum Distribution Capital Withdrawal Option (IDCW)
06-01-2026,10.07640,153665,SBI Nifty200 Momentum 30 Index Fund- Direct Plan- Income Cum Distribution Capital Withdrawal Option (IDCW)
05-01-2026,10.06340,153665,SBI Nifty200 Momentum 30 Index Fund- Direct Plan- Income Cum Distribution Capital Withdrawal Option (IDCW)
02-01-2026,10.03220,153665,SBI Nifty200 Momentum 30 Index Fund- Direct Plan- Income Cum Distribution Capital Withdrawal Option (IDCW)
01-01-2026,9.93690,153665,SBI Nifty200 Momentum 30 Index Fund- Direct Plan- Income Cum Distribution Capital Withdrawal Option (IDCW)
31-12-2025,9.88280,153665,SBI Nifty200 Momentum 30 Index Fund- Direct Plan- Income Cum Distribution Capital Withdrawal Option (IDCW)
30-12-2025,9.78830,153665,SBI Nifty200 Momentum 30 Index Fund- Direct Plan- Income Cum Distribution Capital Withdrawal Option (IDCW)
29-12-2025,9.85090,153665,SBI Nifty200 Momentum 30 Index Fund- Direct Plan- Income Cum Distribution Capital Withdrawal Option (IDCW)
26-12-2025,9.91190,153665,SBI Nifty200 Momentum 30 Index Fund- Direct Plan- Income Cum Distribution Capital Withdrawal Option (IDCW)
24-12-2025,9.97320,153665,SBI Nifty200 Momentum 30 Index Fund- Direct Plan- Income Cum Distribution Capital Withdrawal Option (IDCW)
23-12-2025,10.01340,153665,SBI Nifty200 Momentum 30 Index Fund- Direct Plan- Income Cum Distribution Capital Withdrawal Option (IDCW)
22-12-2025,10.01190,153665,SBI Nifty200 Momentum 30 Index Fund- Direct Plan- Income Cum Distribution Capital Withdrawal Option (IDCW)
19-12-2025,9.94500,153665,SBI Nifty200 Momentum 30 Index Fund- Direct Plan- Income Cum Distribution Capital Withdrawal Option (IDCW)
18-12-2025,9.86000,153665,SBI Nifty200 Momentum 30 Index Fund- Direct Plan- Income Cum Distribution Capital Withdrawal Option (IDCW)
17-12-2025,9.82400,153665,SBI Nifty200 Momentum 30 Index Fund- Direct Plan- Income Cum Distribution Capital Withdrawal Option (IDCW)
16-12-2025,9.90200,153665,SBI Nifty200 Momentum 30 Index Fund- Direct Plan- Income Cum Distribution Capital Withdrawal Option (IDCW)
15-12-2025,9.97220,153665,SBI Nifty200 Momentum 30 Index Fund- Direct Plan- Income Cum Distribution Capital Withdrawal Option (IDCW)
12-12-2025,9.99580,153665,SBI Nifty200 Momentum 30 Index Fund- Direct Plan- Income Cum Distribution Capital Withdrawal Option (IDCW)
11-12-2025,9.92200,153665,SBI Nifty200 Momentum 30 Index Fund- Direct Plan- Income Cum Distribution Capital Withdrawal Option (IDCW)
10-12-2025,9.84770,153665,SBI Nifty200 Momentum 30 Index Fund- Direct Plan- Income Cum Distribution Capital Withdrawal Option (IDCW)
09-12-2025,9.94790,153665,SBI Nifty200 Momentum 30 Index Fund- Direct Plan- Income Cum Distribution Capital Withdrawal Option (IDCW)
08-12-2025,9.97980,153665,SBI Nifty200 Momentum 30 Index Fund- Direct Plan- Income Cum Distribution Capital Withdrawal Option (IDCW)
05-12-2025,10.15720,153665,SBI Nifty200 Momentum 30 Index Fund- Direct Plan- Income Cum Distribution Capital Withdrawal Option (IDCW)
04-12-2025,10.07480,153665,SBI Nifty200 Momentum 30 Index Fund- Direct Plan- Income Cum Distribution Capital Withdrawal Option (IDCW)
03-12-2025,10.04950,153665,SBI Nifty200 Momentum 30 Index Fund- Direct Plan- Income Cum Distribution Capital Withdrawal Option (IDCW)
02-12-2025,10.15920,153665,SBI Nifty200 Momentum 30 Index Fund- Direct Plan- Income Cum Distribution Capital Withdrawal Option (IDCW)
01-12-2025,10.21260,153665,SBI Nifty200 Momentum 30 Index Fund- Direct Plan- Income Cum Distribution Capital Withdrawal Option (IDCW)
30-11-2025,10.21820,153665,SBI Nifty200 Momentum 30 Index Fund- Direct Plan- Income Cum Distribution Capital Withdrawal Option (IDCW)
28-11-2025,10.21840,153665,SBI Nifty200 Momentum 30 Index Fund- Direct Plan- Income Cum Distribution Capital Withdrawal Option (IDCW)
27-11-2025,10.24160,153665,SBI Nifty200 Momentum 30 Index Fund- Direct Plan- Income Cum Distribution Capital Withdrawal Option (IDCW)
26-11-2025,10.22090,153665,SBI Nifty200 Momentum 30 Index Fund- Direct Plan- Income Cum Distribution Capital Withdrawal Option (IDCW)
25-11-2025,10.07480,153665,SBI Nifty200 Momentum 30 Index Fund- Direct Plan- Income Cum Distribution Capital Withdrawal Option (IDCW)
24-11-2025,10.05890,153665,SBI Nifty200 Momentum 30 Index Fund- Direct Plan- Income Cum Distribution Capital Withdrawal Option (IDCW)
21-11-2025,10.13070,153665,SBI Nifty200 Momentum 30 Index Fund- Direct Plan- Income Cum Distribution Capital Withdrawal Option (IDCW)
20-11-2025,10.22730,153665,SBI Nifty200 Momentum 30 Index Fund- Direct Plan- Income Cum Distribution Capital Withdrawal Option (IDCW)
19-11-2025,10.16340,153665,SBI Nifty200 Momentum 30 Index Fund- Direct Plan- Income Cum Distribution Capital Withdrawal Option (IDCW)
18-11-2025,10.11770,153665,SBI Nifty200 Momentum 30 Index Fund- Direct Plan- Income Cum Distribution Capital Withdrawal Option (IDCW)
17-11-2025,10.18470,153665,SBI Nifty200 Momentum 30 Index Fund- Direct Plan- Income Cum Distribution Capital Withdrawal Option (IDCW)
14-11-2025,10.13760,153665,SBI Nifty200 Momentum 30 Index Fund- Direct Plan- Income Cum Distribution Capital Withdrawal Option (IDCW)
13-11-2025,10.10720,153665,SBI Nifty200 Momentum 30 Index Fund- Direct Plan- Income Cum Distribution Capital Withdrawal Option (IDCW)
12-11-2025,10.10590,153665,SBI Nifty200 Momentum 30 Index Fund- Direct Plan- Income Cum Distribution Capital Withdrawal Option (IDCW)
11-11-2025,10.02520,153665,SBI Nifty200 Momentum 30 Index Fund- Direct Plan- Income Cum Distribution Capital Withdrawal Option (IDCW)
10-11-2025,10.02800,153665,SBI Nifty200 Momentum 30 Index Fund- Direct Plan- Income Cum Distribution Capital Withdrawal Option (IDCW)
07-11-2025,9.98990,153665,SBI Nifty200 Momentum 30 Index Fund- Direct Plan- Income Cum Distribution Capital Withdrawal Option (IDCW)
06-11-2025,9.92540,153665,SBI Nifty200 Momentum 30 Index Fund- Direct Plan- Income Cum Distribution Capital Withdrawal Option (IDCW)
04-11-2025,10.00900,153665,SBI Nifty200 Momentum 30 Index Fund- Direct Plan- Income Cum Distribution Capital Withdrawal Option (IDCW)
03-11-2025,10.05030,153665,SBI Nifty200 Momentum 30 Index Fund- Direct Plan- Income Cum Distribution Capital Withdrawal Option (IDCW)
31-10-2025,9.99820,153665,SBI Nifty200 Momentum 30 Index Fund- Direct Plan- Income Cum Distribution Capital Withdrawal Option (IDCW)
30-10-2025,10.05710,153665,SBI Nifty200 Momentum 30 Index Fund- Direct Plan- Income Cum Distribution Capital Withdrawal Option (IDCW)
29-10-2025,10.09720,153665,SBI Nifty200 Momentum 30 Index Fund- Direct Plan- Income Cum Distribution Capital Withdrawal Option (IDCW)
28-10-2025,10.06980,153665,SBI Nifty200 Momentum 30 Index Fund- Direct Plan- Income Cum Distribution Capital Withdrawal Option (IDCW)
27-10-2025,10.11050,153665,SBI Nifty200 Momentum 30 Index Fund- Direct Plan- Income Cum Distribution Capital Withdrawal Option (IDCW)
24-10-2025,10.07480,153665,SBI Nifty200 Momentum 30 Index Fund- Direct Plan- Income Cum Distribution Capital Withdrawal Option (IDCW)
23-10-2025,10.09760,153665,SBI Nifty200 Momentum 30 Index Fund- Direct Plan- Income Cum Distribution Capital Withdrawal Option (IDCW)
20-10-2025,10.14260,153665,SBI Nifty200 Momentum 30 Index Fund- Direct Plan- Income Cum Distribution Capital Withdrawal Option (IDCW)
17-10-2025,10.11430,153665,SBI Nifty200 Momentum 30 Index Fund- Direct Plan- Income Cum Distribution Capital Withdrawal Option (IDCW)
16-10-2025,10.08730,153665,SBI Nifty200 Momentum 30 Index Fund- Direct Plan- Income Cum Distribution Capital Withdrawal Option (IDCW)
15-10-2025,10.04290,153665,SBI Nifty200 Momentum 30 Index Fund- Direct Plan- Income Cum Distribution Capital Withdrawal Option (IDCW)
14-10-2025,9.88610,153665,SBI Nifty200 Momentum 30 Index Fund- Direct Plan- Income Cum Distribution Capital Withdrawal Option (IDCW)
13-10-2025,9.92670,153665,SBI Nifty200 Momentum 30 Index Fund- Direct Plan- Income Cum Distribution Capital Withdrawal Option (IDCW)
10-10-2025,9.89300,153665,SBI Nifty200 Momentum 30 Index Fund- Direct Plan- Income Cum Distribution Capital Withdrawal Option (IDCW)
09-10-2025,9.86250,153665,SBI Nifty200 Momentum 30 Index Fund- Direct Plan- Income Cum Distribution Capital Withdrawal Option (IDCW)
08-10-2025,9.76790,153665,SBI Nifty200 Momentum 30 Index Fund- Direct Plan- Income Cum Distribution Capital Withdrawal Option (IDCW)
07-10-2025,9.80770,153665,SBI Nifty200 Momentum 30 Index Fund- Direct Plan- Income Cum Distribution Capital Withdrawal Option (IDCW)
06-10-2025,9.76690,153665,SBI Nifty200 Momentum 30 Index Fund- Direct Plan- Income Cum Distribution Capital Withdrawal Option (IDCW)
03-10-2025,9.61770,153665,SBI Nifty200 Momentum 30 Index Fund- Direct Plan- Income Cum Distribution Capital Withdrawal Option (IDCW)
01-10-2025,9.58470,153665,SBI Nifty200 Momentum 30 Index Fund- Direct Plan- Income Cum Distribution Capital Withdrawal Option (IDCW)
30-09-2025,9.49280,153665,SBI Nifty200 Momentum 30 Index Fund- Direct Plan- Income Cum Distribution Capital Withdrawal Option (IDCW)
26-09-2025,9.48760,153665,SBI Nifty200 Momentum 30 Index Fund- Direct Plan- Income Cum Distribution Capital Withdrawal Option (IDCW)
25-09-2025,9.64230,153665,SBI Nifty200 Momentum 30 Index Fund- Direct Plan- Income Cum Distribution Capital Withdrawal Option (IDCW)
24-09-2025,9.71190,153665,SBI Nifty200 Momentum 30 Index Fund- Direct Plan- Income Cum Distribution Capital Withdrawal Option (IDCW)
23-09-2025,9.78450,153665,SBI Nifty200 Momentum 30 Index Fund- Direct Plan- Income Cum Distribution Capital Withdrawal Option (IDCW)
22-09-2025,9.83410,153665,SBI Nifty200 Momentum 30 Index Fund- Direct Plan- Income Cum Distribution Capital Withdrawal Option (IDCW)
19-09-2025,9.84410,153665,SBI Nifty200 Momentum 30 Index Fund- Direct Plan- Income Cum Distribution Capital Withdrawal Option (IDCW)
18-09-2025,9.88590,153665,SBI Nifty200 Momentum 30 Index Fund- Direct Plan- Income Cum Distribution Capital Withdrawal Option (IDCW)
17-09-2025,9.84460,153665,SBI Nifty200 Momentum 30 Index Fund- Direct Plan- Income Cum Distribution Capital Withdrawal Option (IDCW)
16-09-2025,9.84010,153665,SBI Nifty200 Momentum 30 Index Fund- Direct Plan- Income Cum Distribution Capital Withdrawal Option (IDCW)
15-09-2025,9.79730,153665,SBI Nifty200 Momentum 30 Index Fund- Direct Plan- Income Cum Distribution Capital Withdrawal Option (IDCW)
12-09-2025,9.78480,153665,SBI Nifty200 Momentum 30 Index Fund- Direct Plan- Income Cum Distribution Capital Withdrawal Option (IDCW)
11-09-2025,9.69770,153665,SBI Nifty200 Momentum 30 Index Fund- Direct Plan- Income Cum Distribution Capital Withdrawal Option (IDCW)
10-09-2025,9.72360,153665,SBI Nifty200 Momentum 30 Index Fund- Direct Plan- Income Cum Distribution Capital Withdrawal Option (IDCW)
09-09-2025,9.63670,153665,SBI Nifty200 Momentum 30 Index Fund- Direct Plan- Income Cum Distribution Capital Withdrawal Option (IDCW)
08-09-2025,9.61040,153665,SBI Nifty200 Momentum 30 Index Fund- Direct Plan- Income Cum Distribution Capital Withdrawal Option (IDCW)
05-09-2025,9.59250,153665,SBI Nifty200 Momentum 30 Index Fund- Direct Plan- Income Cum Distribution Capital Withdrawal Option (IDCW)
04-09-2025,9.56890,153665,SBI Nifty200 Momentum 30 Index Fund- Direct Plan- Income Cum Distribution Capital Withdrawal Option (IDCW)
03-09-2025,9.60110,153665,SBI Nifty200 Momentum 30 Index Fund- Direct Plan- Income Cum Distribution Capital Withdrawal Option (IDCW)
02-09-2025,9.55040,153665,SBI Nifty200 Momentum 30 Index Fund- Direct Plan- Income Cum Distribution Capital Withdrawal Option (IDCW)
01-09-2025,9.56250,153665,SBI Nifty200 Momentum 30 Index Fund- Direct Plan- Income Cum Distribution Capital Withdrawal Option (IDCW)
31-08-2025,9.43040,153665,SBI Nifty200 Momentum 30 Index Fund- Direct Plan- Income Cum Distribution Capital Withdrawal Option (IDCW)
29-08-2025,9.43060,153665,SBI Nifty200 Momentum 30 Index Fund- Direct Plan- Income Cum Distribution Capital Withdrawal Option (IDCW)
28-08-2025,9.46740,153665,SBI Nifty200 Momentum 30 Index Fund- Direct Plan- Income Cum Distribution Capital Withdrawal Option (IDCW)
26-08-2025,9.58470,153665,SBI Nifty200 Momentum 30 Index Fund- Direct Plan- Income Cum Distribution Capital Withdrawal Option (IDCW)
25-08-2025,9.74030,153665,SBI Nifty200 Momentum 30 Index Fund- Direct Plan- Income Cum Distribution Capital Withdrawal Option (IDCW)
22-08-2025,9.73960,153665,SBI Nifty200 Momentum 30 Index Fund- Direct Plan- Income Cum Distribution Capital Withdrawal Option (IDCW)
21-08-2025,9.76380,153665,SBI Nifty200 Momentum 30 Index Fund- Direct Plan- Income Cum Distribution Capital Withdrawal Option (IDCW)
20-08-2025,9.76360,153665,SBI Nifty200 Momentum 30 Index Fund- Direct Plan- Income Cum Distribution Capital Withdrawal Option (IDCW)
19-08-2025,9.76040,153665,SBI Nifty200 Momentum 30 Index Fund- Direct Plan- Income Cum Distribution Capital Withdrawal Option (IDCW)
18-08-2025,9.75360,153665,SBI Nifty200 Momentum 30 Index Fund- Direct Plan- Income Cum Distribution Capital Withdrawal Option (IDCW)
14-08-2025,9.61280,153665,SBI Nifty200 Momentum 30 Index Fund- Direct Plan- Income Cum Distribution Capital Withdrawal Option (IDCW)
13-08-2025,9.59270,153665,SBI Nifty200 Momentum 30 Index Fund- Direct Plan- Income Cum Distribution Capital Withdrawal Option (IDCW)
12-08-2025,9.47270,153665,SBI Nifty200 Momentum 30 Index Fund- Direct Plan- Income Cum Distribution Capital Withdrawal Option (IDCW)
11-08-2025,9.52980,153665,SBI Nifty200 Momentum 30 Index Fund- Direct Plan- Income Cum Distribution Capital Withdrawal Option (IDCW)
08-08-2025,9.44380,153665,SBI Nifty200 Momentum 30 Index Fund- Direct Plan- Income Cum Distribution Capital Withdrawal Option (IDCW)
07-08-2025,9.58410,153665,SBI Nifty200 Momentum 30 Index Fund- Direct Plan- Income Cum Distribution Capital Withdrawal Option (IDCW)
06-08-2025,9.55360,153665,SBI Nifty200 Momentum 30 Index Fund- Direct Plan- Income Cum Distribution Capital Withdrawal Option (IDCW)
05-08-2025,9.59550,153665,SBI Nifty200 Momentum 30 Index Fund- Direct Plan- Income Cum Distribution Capital Withdrawal Option (IDCW)
04-08-2025,9.61250,153665,SBI Nifty200 Momentum 30 Index Fund- Direct Plan- Income Cum Distribution Capital Withdrawal Option (IDCW)
01-08-2025,9.49550,153665,SBI Nifty200 Momentum 30 Index Fund- Direct Plan- Income Cum Distribution Capital Withdrawal Option (IDCW)
31-07-2025,9.61010,153665,SBI Nifty200 Momentum 30 Index Fund- Direct Plan- Income Cum Distribution Capital Withdrawal Option (IDCW)
30-07-2025,9.63520,153665,SBI Nifty200 Momentum 30 Index Fund- Direct Plan- Income Cum Distribution Capital Withdrawal Option (IDCW)
29-07-2025,9.64910,153665,SBI Nifty200 Momentum 30 Index Fund- Direct Plan- Income Cum Distribution Capital Withdrawal Option (IDCW)
28-07-2025,9.63850,153665,SBI Nifty200 Momentum 30 Index Fund- Direct Plan- Income Cum Distribution Capital Withdrawal Option (IDCW)
25-07-2025,9.72860,153665,SBI Nifty200 Momentum 30 Index Fund- Direct Plan- Income Cum Distribution Capital Withdrawal Option (IDCW)
24-07-2025,9.82470,153665,SBI Nifty200 Momentum 30 Index Fund- Direct Plan- Income Cum Distribution Capital Withdrawal Option (IDCW)
23-07-2025,9.91570,153665,SBI Nifty200 Momentum 30 Index Fund- Direct Plan- Income Cum Distribution Capital Withdrawal Option (IDCW)
22-07-2025,9.87380,153665,SBI Nifty200 Momentum 30 Index Fund- Direct Plan- Income Cum Distribution Capital Withdrawal Option (IDCW)
21-07-2025,9.85680,153665,SBI Nifty200 Momentum 30 Index Fund- Direct Plan- Income Cum Distribution Capital Withdrawal Option (IDCW)
18-07-2025,9.75450,153665,SBI Nifty200 Momentum 30 Index Fund- Direct Plan- Income Cum Distribution Capital Withdrawal Option (IDCW)
17-07-2025,9.81580,153665,SBI Nifty200 Momentum 30 Index Fund- Direct Plan- Income Cum Distribution Capital Withdrawal Option (IDCW)
16-07-2025,9.88980,153665,SBI Nifty200 Momentum 30 Index Fund- Direct Plan- Income Cum Distribution Capital Withdrawal Option (IDCW)
15-07-2025,9.89560,153665,SBI Nifty200 Momentum 30 Index Fund- Direct Plan- Income Cum Distribution Capital Withdrawal Option (IDCW)
